{
  "bytes": 34872383,
  "count_of_rows": 55539,
  "datahub": {
    "created": "2017-11-09T01:39:11.082123",
    "findability": "published",
    "flowid": "core/airport-codes/633",
    "modified": "2019-11-06T23:59:54.363777",
    "owner": "core",
    "ownerid": "core"
  },
  "hash": "af6ede84cee89041c8c1b50a26185467",
  "homepage": "http://www.ourairports.com/",
  "id": "core/airport-codes",
  "licenses": [
    {
      "id": "odc-pddl",
      "name": "open_data_commons_public_domain_dedication_and_license_v1.0",
      "path": "http://opendatacommons.org/licenses/pddl/",
      "title": "Open Data Commons Public Domain Dedication and License v1.0"
    }
  ],
  "name": "airport-codes",
  "profile": "data-package",
  "resources": [
    {
      "bytes": 6042384,
      "count_of_rows": 55539,
      "datahub": {
        "type": "original"
      },
      "dialect": {
        "caseSensitiveHeader": false,
        "delimiter": ",",
        "doubleQuote": true,
        "header": true,
        "lineTerminator": "\r\n",
        "quoteChar": "\"",
        "skipInitialSpace": false
      },
      "dpp:streamedFrom": "https://s3.amazonaws.com/rawstore.datahub.io/780e05cb50a98d70c4b415b9f9fca30a.csv",
      "encoding": "ISO-8859-1",
      "format": "csv",
      "hash": "45e9ad94c56d18bc3449b4b8eb4d954a",
      "mediatype": "text/csv",
      "name": "airport-codes_original",
      "path": "archive/airport-codes.csv",
      "pathType": "local",
      "profile": "tabular-data-resource",
      "schema": {
        "fields": [
          {
            "format": "default",
            "name": "ident",
            "type": "string"
          },
          {
            "format": "default",
            "name": "type",
            "type": "string"
          },
          {
            "format": "default",
            "name": "name",
            "type": "string"
          },
          {
            "format": "default",
            "name": "elevation_ft",
            "type": "string"
          },
          {
            "format": "default",
            "name": "continent",
            "type": "string"
          },
          {
            "format": "default",
            "name": "iso_country",
            "type": "string"
          },
          {
            "format": "default",
            "name": "iso_region",
            "type": "string"
          },
          {
            "format": "default",
            "name": "municipality",
            "type": "string"
          },
          {
            "format": "default",
            "name": "gps_code",
            "type": "string"
          },
          {
            "format": "default",
            "name": "iata_code",
            "type": "string"
          },
          {
            "format": "default",
            "name": "local_code",
            "type": "string"
          },
          {
            "format": "default",
            "name": "coordinates",
            "type": "string"
          }
        ],
        "missingValues": [
          ""
        ]
      }
    },
    {
      "bytes": 709,
      "datahub": {
        "type": "derived/report"
      },
      "description": "Validation report for tabular data",
      "dpp:streamedFrom": "/tmp/tmp2mkel8lb/core/airport-codes/validation_report/data/29cda97357f3641f12ad7bd05a98abc1/validation_report.json",
      "format": "json",
      "hash": "29cda97357f3641f12ad7bd05a98abc1",
      "name": "validation_report",
      "path": "data/validation_report.json",
      "profile": "data-resource"
    },
    {
      "bytes": 6061556,
      "count_of_rows": 55539,
      "datahub": {
        "derivedFrom": [
          "airport-codes"
        ],
        "type": "derived/csv"
      },
      "delimiter": ",",
      "dialect": {
        "caseSensitiveHeader": false,
        "delimiter": ",",
        "doubleQuote": true,
        "header": true,
        "lineTerminator": "\r\n",
        "quoteChar": "\"",
        "skipInitialSpace": false
      },
      "dpp:streamedFrom": "/tmp/tmp2mkel8lb/core/airport-codes/airport-codes_csv/data/5bb4ee7b3ae3841ff6a7528b134b7ba2/airport-codes_csv.csv",
      "encoding": "utf-8",
      "format": "csv",
      "hash": "5bb4ee7b3ae3841ff6a7528b134b7ba2",
      "mediatype": "text/csv",
      "name": "airport-codes_csv",
      "path": "data/airport-codes_csv.csv",
      "pathType": "local",
      "profile": "tabular-data-resource",
      "quotechar": "\"",
      "rowcount": 55539,
      "schema": {
        "fields": [
          {
            "format": "default",
            "name": "ident",
            "type": "string"
          },
          {
            "format": "default",
            "name": "type",
            "type": "string"
          },
          {
            "format": "default",
            "name": "name",
            "type": "string"
          },
          {
            "format": "default",
            "name": "elevation_ft",
            "type": "string"
          },
          {
            "format": "default",
            "name": "continent",
            "type": "string"
          },
          {
            "format": "default",
            "name": "iso_country",
            "type": "string"
          },
          {
            "format": "default",
            "name": "iso_region",
            "type": "string"
          },
          {
            "format": "default",
            "name": "municipality",
            "type": "string"
          },
          {
            "format": "default",
            "name": "gps_code",
            "type": "string"
          },
          {
            "format": "default",
            "name": "iata_code",
            "type": "string"
          },
          {
            "format": "default",
            "name": "local_code",
            "type": "string"
          },
          {
            "format": "default",
            "name": "coordinates",
            "type": "string"
          }
        ],
        "missingValues": [
          ""
        ]
      },
      "signed": true
    },
    {
      "bytes": 16723351,
      "count_of_rows": 55539,
      "datahub": {
        "derivedFrom": [
          "airport-codes"
        ],
        "type": "derived/json"
      },
      "delimiter": ",",
      "dialect": {
        "caseSensitiveHeader": false,
        "delimiter": ",",
        "doubleQuote": true,
        "header": true,
        "lineTerminator": "\r\n",
        "quoteChar": "\"",
        "skipInitialSpace": false
      },
      "dpp:streamedFrom": "/tmp/tmp2mkel8lb/core/airport-codes/airport-codes_json/data/cafc00c1899ceca650eb0ee69758a2a3/airport-codes_json.json",
      "encoding": "utf-8",
      "format": "json",
      "hash": "cafc00c1899ceca650eb0ee69758a2a3",
      "mediatype": "text/csv",
      "name": "airport-codes_json",
      "path": "data/airport-codes_json.json",
      "pathType": "local",
      "profile": "tabular-data-resource",
      "quotechar": "\"",
      "rowcount": 55539,
      "schema": {
        "fields": [
          {
            "format": "default",
            "name": "ident",
            "type": "string"
          },
          {
            "format": "default",
            "name": "type",
            "type": "string"
          },
          {
            "format": "default",
            "name": "name",
            "type": "string"
          },
          {
            "format": "default",
            "name": "elevation_ft",
            "type": "string"
          },
          {
            "format": "default",
            "name": "continent",
            "type": "string"
          },
          {
            "format": "default",
            "name": "iso_country",
            "type": "string"
          },
          {
            "format": "default",
            "name": "iso_region",
            "type": "string"
          },
          {
            "format": "default",
            "name": "municipality",
            "type": "string"
          },
          {
            "format": "default",
            "name": "gps_code",
            "type": "string"
          },
          {
            "format": "default",
            "name": "iata_code",
            "type": "string"
          },
          {
            "format": "default",
            "name": "local_code",
            "type": "string"
          },
          {
            "format": "default",
            "name": "coordinates",
            "type": "string"
          }
        ],
        "missingValues": [
          ""
        ]
      },
      "signed": true
    },
    {
      "bytes": 1999,
      "dpp:streamedFrom": "/tmp/tmpq6qmb6o2/README.md",
      "format": "md",
      "name": "readme",
      "path": "README.md"
    }
  ],
  "sources": [
    {
      "name": "Our Airports",
      "path": "http://ourairports.com/data/",
      "title": "Our Airports"
    }
  ],
  "title": "Airport Codes",
  "version": "0.2.0"
}